,Azamiuma,Hachi,Ga350,Ga550,Ga350550,Y
310,0,0,0.456808741,0.000218554,0.457027295,0
311,0,0,0.472755181,0.0002469,0.47300208,0
312,0,0,0.488993104,0.000278134,0.489271238,0
313,0,0,0.505506544,0.000312458,0.505819002,0
314,0,0,0.522277647,0.000350077,0.522627724,0
315,0,0,0.53928662,0.000391204,0.539677824,0
316,0,0,0.556511684,0.000436054,0.556947738,0
317,0,0,0.573929037,0.000484845,0.574413882,0
318,0,0,0.591512822,0.0005378,0.592050622,0
319,0,0,0.609235111,0.000595143,0.609830254,0
320,0,0,0.627065893,0.000657102,0.627722995,0
321,0,0,0.644973082,0.000723905,0.645696988,0
322,0,0,0.662922534,0.000795782,0.663718317,0
323,0,0,0.680878073,0.000872964,0.681751037,0
324,0,0,0.698801541,0.00095568,0.699757221,0
325,0,0,0.716652856,0.00104416,0.717697016,0
326,0,0,0.73439009,0.001138635,0.735528725,0
327,0,0,0.751969563,0.001239332,0.753208894,0
328,0,0,0.769345951,0.001346477,0.770692429,0
329,0,0,0.78647242,0.001460297,0.787932717,0
330,0,0,0.803300762,0.001581014,0.804881777,0
331,0,0,0.81978157,0.00170885,0.821490419,0
332,0,0,0.83586441,0.001844021,0.837708431,0
333,0,0,0.851498025,0.001986746,0.85348477,0
334,0,0,0.866630548,0.002137236,0.868767784,0
335,0,0,0.881209736,0.002295704,0.88350544,0
336,0,0,0.895183216,0.002462357,0.897645573,0
337,0,0,0.908498746,0.002637401,0.911136147,0
338,0,0,0.92110449,0.00282104,0.92392553,0
339,0,0,0.932949306,0.003013475,0.935962781,0
340,0,0,0.943983038,0.003214905,0.947197943,0
341,0,0,0.954156822,0.003425528,0.957582351,0
342,0,0,0.963423397,0.00364554,0.967068937,0
343,0,0,0.971737415,0.003875135,0.97561255,0
344,0,0,0.979055756,0.004114506,0.983170263,0
345,0.00E+00,1.73E-18,0.98533784,0.004363848,0.989701688,0
346,0,0.01848,0.990545935,0.004623353,0.995169289,0
347,0,0.03834,0.994645459,0.004893215,0.999538674,0
348,0,0.05896,0.997605266,0.005173628,1.002778894,0
349,0,0.07972,0.99939793,0.005464786,1.004862716,0
350,0.97,0.1,1,0.005766887,1.005766887,0
351,0.9944,0.11016,0.999392246,0.006080131,1.005472377,0
352,1.00336,0.11948,0.997559878,0.006404718,1.003964596,0
353,1.00072,0.12822,0.994492743,0.006740854,1.001233597,0
354,0.99032,0.13664,0.99018549,0.007088748,0.997274238,0
355,0.976,0.145,0.984637713,0.007448612,0.992086325,0
356,0.976528,0.15552,0.977854056,0.007820664,0.985674721,0
357,0.976984,0.16626,0.969844286,0.008205128,0.978049414,0
358,0.977376,0.17724,0.960623327,0.008602232,0.969225559,0
359,0.977712,0.18848,0.950211268,0.009012212,0.95922348,0
360,0.978,0.2,0.938633317,0.009435311,0.948068628,0
361,0.978048,0.21412,0.92591973,0.009871779,0.935791509,0
362,0.978064,0.22836,0.912105696,0.010321874,0.92242757,0
363,0.978056,0.24254,0.897231181,0.010785863,0.908017044,0
364,0.978032,0.25648,0.881340738,0.011264023,0.892604761,0
365,0.978,0.27,0.864483279,0.01175664,0.876239919,0
366,0.978,0.27824,0.846711814,0.01226401,0.858975824,0
367,0.978,0.28612,0.828083148,0.01278644,0.840869588,0
368,0.978,0.29388,0.808657559,0.01332425,0.821981809,0
369,0.978,0.30176,0.788498438,0.013877771,0.80237621,0
370,0.978,0.31,0.76767191,0.014447346,0.782119256,0
371,0.978,0.32328,0.746246428,0.015033331,0.761279759,0
372,0.978,0.33704,0.724292351,0.015636096,0.739928447,0
373,0.978,0.35116,0.701881511,0.016256026,0.718137537,0
374,0.978,0.36552,0.679086762,0.016893519,0.695980281,0
375,0.978,0.38,0.655981533,0.017548989,0.673530522,0
376,0.978,0.3932,0.632639367,0.018222866,0.650862234,0
377,0.978,0.4066,0.609133478,0.018915595,0.628049073,0
378,0.978,0.4204,0.585536298,0.019627639,0.605163936,0
379,0.978,0.4348,0.561919051,0.020359476,0.582278527,0
380,0.978,0.45,0.538351332,0.021111604,0.559462936,0
381,0.978,0.4744,0.51490071,0.021884538,0.536785248,0
382,0.978,0.4992,0.491632352,0.022678812,0.514311164,0
383,0.978,0.5238,0.468608675,0.023494979,0.492103654,0.0001
384,0.978,0.5476,0.445889025,0.02433361,0.470222635,0.0001
385,0.978,0.57,0.423529391,0.0251953,0.44872469,0.0001
386,0.978,0.57656,0.40158215,0.026080659,0.42766281,0.0001
387,0.978,0.58148,0.380095852,0.026990324,0.407086175,0.0001
388,0.978,0.58512,0.359115034,0.027924948,0.387039982,0.0001
389,0.978,0.58784,0.338680086,0.02888521,0.367565296,0.0001
390,0.978,0.59,0.318827139,0.02987181,0.348698949,0.0001
391,0.978,0.59272,0.299588005,0.03088547,0.330473475,0.0001
392,0.978,0.59516,0.280990147,0.031926937,0.312917084,0.0002
393,0.978,0.59724,0.26305669,0.032996981,0.29605367,0.0002
394,0.978,0.59888,0.245806461,0.034096395,0.279902856,0.0002
395,0.978,0.6,0.229254075,0.035226,0.264480075,0.0002
396,0.977984,0.59656,0.213410037,0.036386639,0.249796676,0.0002
397,0.977972,0.59268,0.198280885,0.037579182,0.235860068,0.0003
398,0.977968,0.58852,0.183869357,0.038804526,0.222673883,0.0003
399,0.977976,0.58424,0.170174575,0.040063591,0.210238166,0.0004
400,0.978,0.58,0.157192258,0.041357329,0.198549587,0.0004
401,0.978176,0.57872,0.144914948,0.042686714,0.187601662,0.0004
402,0.978368,0.57736,0.133332251,0.044052753,0.177385003,0.0005
403,0.978572,0.57564,0.122431087,0.045456476,0.167887563,0.0005
404,0.978784,0.57328,0.112195954,0.046898945,0.159094899,0.0006
405,0.979,0.57,0.102609187,0.048381249,0.150990436,0.0006
406,0.9792,0.5576,0.093651225,0.049904507,0.143555732,0.0007
407,0.9794,0.5442,0.085300876,0.051469868,0.136770744,0.0008
408,0.9796,0.53,0.077535577,0.05307851,0.130614087,0.0009
409,0.9798,0.5152,0.070331649,0.05473164,0.12506329,0.0011
410,0.98,0.5,0.063664539,0.056430498,0.120095037,0.0012
411,0.9802,0.48392,0.057509055,0.058176352,0.115685407,0.0014
412,0.9804,0.46776,0.05183959,0.059970503,0.111810093,0.0015
413,0.9806,0.45164,0.04663033,0.06181428,0.108444611,0.0017
414,0.9808,0.43568,0.041855446,0.063709047,0.105564493,0.0019
415,0.981,0.42,0.03748927,0.065656196,0.103145466,0.0022
416,0.9812,0.40704,0.033506461,0.067657152,0.101163613,0.0025
417,0.9814,0.39452,0.029882145,0.069713369,0.099595515,0.0028
418,0.9816,0.38248,0.026592045,0.071826337,0.098418382,0.0031
419,0.9818,0.37096,0.023612589,0.073997572,0.09761016,0.0035
420,0.982,0.36,0.020921006,0.076228624,0.09714963,0.004
421,0.9822,0.35344,0.018495406,0.078521074,0.09701648,0.0046
422,0.9824,0.34732,0.016314839,0.080876532,0.097191371,0.0052
423,0.9826,0.34148,0.014359345,0.08329664,0.097655985,0.0058
424,0.9828,0.33576,0.012609991,0.08578307,0.098393061,0.0065
425,0.983,0.33,0.01104889,0.088337523,0.099386413,0.0073
426,0.9832,0.32176,0.009659211,0.090961729,0.10062094,0.0081
427,0.9834,0.31348,0.008425182,0.093657448,0.102082629,0.0089
428,0.9836,0.30532,0.007332077,0.096426465,0.103758543,0.0098
429,0.9838,0.29744,0.006366204,0.099270597,0.105636801,0.0107
430,0.984,0.29,0.005514871,0.102191683,0.107706553,0.0116
431,0.984136,0.28728,0.004766363,0.105191588,0.109957951,0.0126
432,0.984288,0.28504,0.004109903,0.108272204,0.112382107,0.0136
433,0.984472,0.28316,0.00353561,0.111435444,0.114971054,0.0146
434,0.984704,0.28152,0.003034459,0.114683244,0.117717703,0.0157
435,0.985,0.28,0.002598234,0.11801756,0.120615794,0.0168
436,0.98592,0.27768,0.002219478,0.121440367,0.123659846,0.018
437,0.9869,0.27544,0.001891452,0.124953659,0.126845111,0.0192
438,0.98792,0.27336,0.001608078,0.128559445,0.130167523,0.0204
439,0.98896,0.27152,0.0013639,0.132259746,0.133623647,0.0217
440,0.99,0.27,0.001154032,0.136056599,0.13721063,0.023
441,0.990872,0.27168,0.000974111,0.139952046,0.140926157,0.0243
442,0.991716,0.27364,0.000820258,0.143948141,0.1447684,0.0256
443,0.992524,0.27576,0.000689034,0.148046941,0.148735975,0.027
444,0.993288,0.27792,0.000577397,0.152250503,0.152827901,0.0284
445,0.994,0.28,0.000482668,0.156560888,0.157043557,0.0298
446,0.994272,0.28008,0.000402494,0.16098015,0.161382644,0.0313
447,0.994496,0.28004,0.000334813,0.165510338,0.165845151,0.0329
448,0.994684,0.27996,0.000277827,0.170153491,0.170431318,0.0345
449,0.994848,0.27992,0.00022997,0.174911634,0.175141604,0.0362
450,0.995,0.28,0.000189885,0.179786775,0.17997666,0.038
451,0.995168,0.28176,0.000156397,0.1847809,0.184937297,0.0398
452,0.995344,0.28368,0.000128493,0.189895973,0.190024466,0.0418
453,0.995536,0.28572,0.000105303,0.195133925,0.195239228,0.0438
454,0.995752,0.28784,8.61E-05,0.200496655,0.200582737,0.0458
455,0.996,0.29,7.02E-05,0.205986022,0.206056214,0.048
456,0.996584,0.29152,5.71E-05,0.211603843,0.211660933,0.0502
457,0.997192,0.29316,4.63E-05,0.217351885,0.217398201,0.0526
458,0.997808,0.29504,3.75E-05,0.223231861,0.223269341,0.055
459,0.998416,0.29728,3.03E-05,0.229245426,0.229275678,0.0574
460,0.999,0.3,2.44E-05,0.235394168,0.235418524,0.06
461,0.999584,0.30728,1.96E-05,0.241679605,0.241699163,0.0626
462,1.000052,0.31504,1.57E-05,0.248103176,0.248118841,0.0653
463,1.000328,0.32316,1.25E-05,0.254666238,0.254678753,0.068
464,1.000336,0.33152,9.97E-06,0.261370056,0.261380028,0.0709
465,1,0.34,7.93E-06,0.2682158,0.268223726,0.0739
466,0.996344,0.34352,6.28E-06,0.275204534,0.275210817,0.077
467,0.992392,0.34816,4.97E-06,0.282337212,0.282342179,0.0803
468,0.988268,0.35504,3.92E-06,0.289614669,0.289618586,0.0837
469,0.984096,0.36528,3.08E-06,0.297037614,0.297040695,0.0872
470,0.98,0.38,2.42E-06,0.304606623,0.304609039,0.091
471,0.97776,0.4392,1.89E-06,0.31232213,0.312324021,0.0949
472,0.97568,0.5024,1.48E-06,0.320184421,0.320185896,0.0991
473,0.97372,0.568,1.15E-06,0.328193622,0.32819477,0.1034
474,0.97184,0.6344,8.91E-07,0.336349697,0.336350588,0.1079
475,0.97,0.7,6.90E-07,0.344652434,0.344653123,0.1126
476,0.968,0.74448,5.32E-07,0.353101438,0.35310197,0.1175
477,0.966,0.78664,4.10E-07,0.361696126,0.361696536,0.1226
478,0.964,0.82656,3.15E-07,0.370435715,0.37043603,0.1279
479,0.962,0.86432,2.41E-07,0.379319215,0.379319456,0.1334
480,0.96,0.9,1.84E-07,0.388345418,0.388345602,0.139
481,0.958,0.92432,1.40E-07,0.397512895,0.397513035,0.1446
482,0.956,0.94656,1.07E-07,0.406819982,0.406820088,0.1504
483,0.954,0.96664,8.07E-08,0.416264774,0.416264855,0.1564
484,0.952,0.98448,6.10E-08,0.425845119,0.42584518,0.1627
485,0.95,1,4.59E-08,0.435558605,0.435558651,0.1693
486,0.948,0.99888,3.45E-08,0.445402555,0.44540259,0.1763
487,0.946,0.99584,2.59E-08,0.455374021,0.455374047,0.1836
488,0.944,0.99136,1.93E-08,0.465469773,0.465469792,0.1913
489,0.942,0.98592,1.44E-08,0.475686293,0.475686308,0.1994
490,0.94,0.98,1.07E-08,0.486019769,0.48601978,0.208
491,0.938,0.97632,7.94E-09,0.496466087,0.496466095,0.2171
492,0.936,0.97256,5.87E-09,0.507020826,0.507020832,0.2267
493,0.934,0.96864,4.32E-09,0.517679251,0.517679255,0.2368
494,0.932,0.96448,3.18E-09,0.528436308,0.528436311,0.2474
495,0.93,0.96,2.33E-09,0.53928662,0.539286622,0.2586
496,0.928,0.95312,1.70E-09,0.550224481,0.550224482,0.2702
497,0.926,0.94576,1.24E-09,0.561243852,0.561243853,0.2824
498,0.924,0.93784,9.02E-10,0.572338361,0.572338362,0.2952
499,0.922,0.92928,6.54E-10,0.583501296,0.583501297,0.3087
500,0.92,0.92,4.73E-10,0.594725606,0.594725607,0.323
501,0.918,0.90576,3.41E-10,0.6060039,0.6060039,0.3385
502,0.916,0.89068,2.45E-10,0.617328442,0.617328443,0.3548
503,0.914,0.87472,1.76E-10,0.62869116,0.62869116,0.3717
504,0.912,0.85784,1.25E-10,0.640083638,0.640083638,0.3893
505,0.91,0.84,8.94E-11,0.651497125,0.651497125,0.4073
506,0.908,0.81488,6.36E-11,0.662922534,0.662922534,0.4256
507,0.906,0.78904,4.50E-11,0.674350448,0.674350448,0.4443
508,0.904,0.76276,3.18E-11,0.685771124,0.685771124,0.4635
509,0.902,0.73632,2.24E-11,0.697174501,0.697174501,0.483
510,0.9,0.71,1.58E-11,0.708550202,0.708550202,0.503
511,0.898,0.6872,1.10E-11,0.71988755,0.71988755,0.5237
512,0.896,0.6648,7.72E-12,0.73117557,0.73117557,0.5447
513,0.894,0.6428,5.38E-12,0.742403004,0.742403004,0.5658
514,0.892,0.6212,3.73E-12,0.75355832,0.75355832,0.587
515,0.89,0.6,2.59E-12,0.764629725,0.764629725,0.6082
516,0.88784,0.58184,1.79E-12,0.775605182,0.775605182,0.6293
517,0.88572,0.56392,1.23E-12,0.78647242,0.78647242,0.6502
518,0.88368,0.54608,8.45E-13,0.797218953,0.797218953,0.6707
519,0.88176,0.52816,5.79E-13,0.807832099,0.807832099,0.6906
520,0.88,0.51,3.95E-13,0.818298995,0.818298995,0.71
521,0.87976,0.48832,2.69E-13,0.82860662,0.82860662,0.728
522,0.87968,0.46636,1.83E-13,0.838741812,0.838741812,0.7453
523,0.87972,0.44424,1.24E-13,0.848691294,0.848691294,0.7619
524,0.87984,0.42208,8.35E-14,0.858441697,0.858441697,0.7778
525,0.88,0.4,5.62E-14,0.86797958,0.86797958,0.7932
526,0.88,0.3796,3.77E-14,0.877291461,0.877291461,0.8082
527,0.88,0.3594,2.52E-14,0.886363837,0.886363837,0.8225
528,0.88,0.3394,1.68E-14,0.895183216,0.895183216,0.8363
529,0.88,0.3196,1.12E-14,0.903736145,0.903736145,0.8495
530,0.88,0.3,7.43E-15,0.912009235,0.912009235,0.862
531,0.88,0.28128,4.91E-15,0.919989195,0.919989195,0.8738
532,0.88,0.26284,3.24E-15,0.927662858,0.927662858,0.8849
533,0.88,0.24476,2.13E-15,0.935017218,0.935017218,0.8955
534,0.88,0.22712,1.40E-15,0.942039455,0.942039455,0.9054
535,0.88,0.21,9.13E-16,0.948716972,0.948716972,0.9149
536,0.88,0.19872,5.95E-16,0.955037422,0.955037422,0.9237
537,0.88,0.18756,3.87E-16,0.960988748,0.960988748,0.9321
538,0.88,0.17604,2.51E-16,0.966559209,0.966559209,0.9399
539,0.88,0.16368,1.62E-16,0.971737415,0.971737415,0.9472
540,0.88,0.15,1.04E-16,0.976512363,0.976512363,0.954
541,0.88,0.11976,6.70E-17,0.980873463,0.980873463,0.9602
542,0.88,0.08868,4.29E-17,0.984810576,0.984810576,0.966
543,0.88,0.05772,2.74E-17,0.988314044,0.988314044,0.9712
544,0.88,0.02784,1.74E-17,0.991374719,0.991374719,0.976
545,0.88,0,1.11E-17,0.993983999,0.993983999,0.9803
546,0.88,0,7.00E-18,0.996133851,0.996133851,0.9841
547,0.88,0,4.42E-18,0.997816846,0.997816846,0.9874
548,0.88,0,2.78E-18,0.999026185,0.999026185,0.9904
549,0.88,0,1.74E-18,0.999755724,0.999755724,0.9929
550,0.88,0,1.09E-18,1,1,0.995
551,0.88,0,6.80E-19,0.999754258,0.999754258,0.9967
552,0.88,0,4.23E-19,0.999014472,0.999014472,0.9981
553,0.88,0,2.62E-19,0.997777362,0.997777362,0.9992
554,0.88,0,1.62E-19,0.996040421,0.996040421,0.9998
555,0.88,0,9.97E-20,0.993801924,0.993801924,1
556,0.88,0,6.13E-20,0.991060952,0.991060952,0.9998
557,0.88,0,3.75E-20,0.987817396,0.987817396,0.9993
558,0.88,0,2.29E-20,0.984071977,0.984071977,0.9983
559,0.88,0,1.40E-20,0.979826247,0.979826247,0.9969
560,0.88,0,8.47E-21,0.975082603,0.975082603,0.995
561,0.88,0,5.13E-21,0.969844286,0.969844286,0.9926
562,0.88,0,3.09E-21,0.964115383,0.964115383,0.9897
563,0.88,0,1.86E-21,0.957900832,0.957900832,0.9865
564,0.88,0,1.12E-21,0.951206411,0.951206411,0.9827
565,0.88,0,6.68E-22,0.944038737,0.944038737,0.9786
566,0.88,0,3.98E-22,0.936405258,0.936405258,0.9741
567,0.88,0,2.37E-22,0.928314238,0.928314238,0.9692
568,0.88,0,1.40E-22,0.919774749,0.919774749,0.9639
569,0.88,0,8.29E-23,0.910796652,0.910796652,0.9581
570,0.88,0,4.88E-23,0.901390575,0.901390575,0.952
571,0.88,0,2.87E-23,0.891567902,0.891567902,0.9454
572,0.88,0,1.68E-23,0.881340738,0.881340738,0.9385
573,0.88,0,9.81E-24,0.87072189,0.87072189,0.9312
574,0.88,0,5.71E-24,0.859724838,0.859724838,0.9235
575,0.88,0,3.31E-24,0.848363703,0.848363703,0.9154
576,0.88,0,1.92E-24,0.836653215,0.836653215,0.907
577,0.88,0,1.11E-24,0.82460868,0.82460868,0.8983
578,0.88,0,6.36E-25,0.812245941,0.812245941,0.8892
579,0.88,0,3.65E-25,0.799581341,0.799581341,0.8798
580,0.88,0,2.09E-25,0.786631683,0.786631683,0.87
581,0.88,0,1.19E-25,0.773414191,0.773414191,0.8598
582,0.88,0,6.76E-26,0.759946463,0.759946463,0.8494
583,0.88,0,3.83E-26,0.746246428,0.746246428,0.8386
584,0.88,0,2.16E-26,0.732332305,0.732332305,0.8276
585,0.88,0,1.22E-26,0.718222552,0.718222552,0.8163
586,0.88008,0,6.84E-27,0.703935824,0.703935824,0.8048
587,0.88014,0,3.83E-27,0.689490922,0.689490922,0.7931
588,0.88016,0,2.14E-27,0.674906749,0.674906749,0.7812
589,0.88012,0,1.19E-27,0.66020226,0.66020226,0.7692
590,0.88,0,6.60E-28,0.645396417,0.645396417,0.757
591,0.87912,0,3.65E-28,0.630508139,0.630508139,0.7448
592,0.87816,0,2.01E-28,0.615556258,0.615556258,0.7324
593,0.87714,0,1.11E-28,0.600559471,0.600559471,0.72
594,0.87608,0,6.06E-29,0.585536298,0.585536298,0.7075
595,0.875,0,3.31E-29,0.570505031,0.570505031,0.6949
596,0.874,0,1.80E-29,0.555483696,0.555483696,0.6822
597,0.873,0,9.80E-30,0.540490012,0.540490012,0.6695
598,0.872,0,5.31E-30,0.525541346,0.525541346,0.6567
599,0.871,0,2.87E-30,0.510654675,0.510654675,0.6439
600,0.87,0,1.54E-30,0.495846553,0.495846553,0.631
601,0.869,0,8.28E-31,0.48113307,0.48113307,0.6182
602,0.868,0,4.43E-31,0.466529823,0.466529823,0.6053
603,0.867,0,2.36E-31,0.452051881,0.452051881,0.5925
604,0.866,0,1.26E-31,0.437713759,0.437713759,0.5796
605,0.865,0,6.66E-32,0.423529391,0.423529391,0.5668
606,0.864,0,3.52E-32,0.409512102,0.409512102,0.554
607,0.863,0,1.85E-32,0.395674589,0.395674589,0.5411
608,0.862,0,9.75E-33,0.382028904,0.382028904,0.5284
609,0.861,0,5.10E-33,0.36858643,0.36858643,0.5157
610,0.86,0,2.67E-33,0.355357872,0.355357872,0.503
611,0.859,0,1.39E-33,0.342353243,0.342353243,0.4905
612,0.858,0,7.20E-34,0.329581857,0.329581857,0.4781
613,0.857,0,3.73E-34,0.317052319,0.317052319,0.4657
614,0.856,0,1.92E-34,0.30477252,0.30477252,0.4534
615,0.855,0,9.90E-35,0.292749641,0.292749641,0.4412
616,0.854,0,5.08E-35,0.280990147,0.280990147,0.4291
617,0.853,0,2.59E-35,0.269499794,0.269499794,0.417
618,0.852,0,1.32E-35,0.258283633,0.258283633,0.405
619,0.851,0,6.72E-36,0.247346017,0.247346017,0.393
620,0.85,0,3.41E-36,0.236690613,0.236690613,0.381
621,0.849,0,1.72E-36,0.22632041,0.22632041,0.3689
622,0.848,0,8.67E-37,0.216237737,0.216237737,0.3568
623,0.847,0,4.35E-37,0.206444277,0.206444277,0.3447
624,0.846,0,2.18E-37,0.19694108,0.19694108,0.3328
625,0.845,0,1.09E-37,0.187728591,0.187728591,0.321
626,0.844,0,5.41E-38,0.178806661,0.178806661,0.3094
627,0.843,0,2.68E-38,0.170174575,0.170174575,0.2979
628,0.842,0,1.33E-38,0.161831072,0.161831072,0.2867
629,0.841,0,6.55E-39,0.153774369,0.153774369,0.2757
630,0.84,0,3.22E-39,0.146002188,0.146002188,0.265
631,0.839,0,1.58E-39,0.13851178,0.13851178,0.2548
632,0.838,0,7.71E-40,0.131299952,0.131299952,0.245
633,0.837,0,3.75E-40,0.124363093,0.124363093,0.2354
634,0.836,0,1.82E-40,0.117697203,0.117697203,0.2261
635,0.835,0,8.83E-41,0.111297919,0.111297919,0.217
636,0.834,0,4.26E-41,0.105160544,0.105160544,0.2081
637,0.833,0,2.05E-41,0.099280074,0.099280074,0.1995
638,0.832,0,9.85E-42,0.093651225,0.093651225,0.1911
639,0.831,0,4.71E-42,0.088268461,0.088268461,0.183
640,0.83,0,2.25E-42,0.083126024,0.083126024,0.175
641,0.828936,0,1.07E-42,0.078217954,0.078217954,0.1672
642,0.827888,0,5.07E-43,0.073538121,0.073538121,0.1596
643,0.826872,0,2.40E-43,0.06908025,0.06908025,0.1523
644,0.825904,0,1.13E-43,0.064837941,0.064837941,0.1451
645,0.825,0,5.31E-44,0.060804699,0.060804699,0.1382
646,0.82472,0,2.49E-44,0.056973952,0.056973952,0.1315
647,0.8245,0,1.16E-44,0.05333908,0.05333908,0.125
648,0.82432,0,5.41E-45,0.049893427,0.049893427,0.1188
649,0.82416,0,2.51E-45,0.04663033,0.04663033,0.1128
650,0.824,0,1.16E-45,0.043543134,0.043543134,0.107
651,0.823624,0,5.36E-46,0.040625211,0.040625211,0.1015
652,0.823232,0,2.47E-46,0.037869975,0.037869975,0.0962
653,0.822828,0,1.13E-46,0.035270905,0.035270905,0.0911
654,0.822416,0,5.18E-47,0.03282155,0.03282155,0.0863
655,0.822,0,2.36E-47,0.03051555,0.03051555,0.0816
656,0.822368,0,1.07E-47,0.028346648,0.028346648,0.0771
657,0.822544,0,4.86E-48,0.026308697,0.026308697,0.0728
658,0.822336,0,2.20E-48,0.024395675,0.024395675,0.0687
659,0.821552,0,9.90E-49,0.022601695,0.022601695,0.0648
660,0.82,0,4.45E-49,0.020921006,0.020921006,0.061
661,0.810672,0,1.99E-49,0.019348011,0.019348011,0.0574
662,0.800696,0,8.90E-50,0.017877263,0.017877263,0.0539
663,0.790384,0,3.96E-50,0.016503479,0.016503479,0.0507
664,0.780048,0,1.76E-50,0.015221538,0.015221538,0.0475
665,0.77,0,7.78E-51,0.014026486,0.014026486,0.0446
666,0.76512,0,3.43E-51,0.012913544,0.012913544,0.0418
667,0.76076,0,1.51E-51,0.011878099,0.011878099,0.0391
668,0.75684,0,6.62E-52,0.010915716,0.010915716,0.0366
669,0.75328,0,2.90E-52,0.010022133,0.010022133,0.0342
670,0.75,0,1.26E-52,0.009193261,0.009193261,0.032
671,0.74816,0,5.49E-53,0.008425182,0.008425182,0.03
672,0.74638,0,2.38E-53,0.007714151,0.007714151,0.0281
673,0.74452,0,1.03E-53,0.007056591,0.007056591,0.0263
674,0.74244,0,4.43E-54,0.006449094,0.006449094,0.0247
675,0.74,0,1.90E-54,0.005888411,0.005888411,0.0232
676,0.73376,0,8.15E-55,0.005371458,0.005371458,0.0218
677,0.72708,0,3.48E-55,0.004895305,0.004895305,0.0205
678,0.72002,0,1.48E-55,0.004457175,0.004457175,0.0193
679,0.71264,0,6.28E-56,0.004054441,0.004054441,0.0181
680,0.705,0,2.66E-56,0.003684617,0.003684617,0.017
681,0.69568,0,1.12E-56,0.00334536,0.00334536,0.0159
682,0.68634,0,4.72E-57,0.003034459,0.003034459,0.0148
683,0.67716,0,1.98E-57,0.002749835,0.002749835,0.0138
684,0.66832,0,8.28E-58,0.002489533,0.002489533,0.0128
685,0.66,0,3.45E-58,0.002251718,0.002251718,0.0119
686,0.65716,0,1.44E-58,0.002034669,0.002034669,0.0111
687,0.65488,0,5.95E-59,0.001836776,0.001836776,0.0103
688,0.65302,0,2.46E-59,0.001656533,0.001656533,0.0095
689,0.65144,0,1.01E-59,0.001492536,0.001492536,0.0088
690,0.65,0,4.16E-60,0.001343473,0.001343473,0.0082
691,0.64816,0,1.71E-60,0.001208124,0.001208124,0.0076
692,0.64628,0,6.96E-61,0.001085355,0.001085355,0.0071
693,0.64432,0,2.84E-61,0.000974111,0.000974111,0.0066
694,0.64224,0,1.15E-61,0.000873415,0.000873415,0.0061
695,0.64,0,4.66E-62,0.000782361,0.000782361,0.0057
696,0.63624,0,1.88E-62,0.000700111,0.000700111,0.0053
697,0.63232,0,7.57E-63,0.000625892,0.000625892,0.005
698,0.62828,0,3.04E-63,0.000558989,0.000558989,0.0047
699,0.62416,0,1.22E-63,0.000498744,0.000498744,0.0044
700,0.62,0,4.85E-64,0.000444552,0.000444552,0.0041
701,0.616,0,0,0,0,0.0038
702,0.612,0,0,0,0,0.0036
703,0.608,0,0,0,0,0.0034
704,0.604,0,0,0,0,0.0031
705,0.6,0,0,0,0,0.0029
706,0.596,0,0,0,0,0.0027
707,0.592,0,0,0,0,0.0026
708,0.588,0,0,0,0,0.0024
709,0.584,0,0,0,0,0.0022
710,0.58,0,0,0,0,0.0021
711,0.576,0,0,0,0,0.002
712,0.572,0,0,0,0,0.0018
713,0.568,0,0,0,0,0.0017
714,0.564,0,0,0,0,0.0016
715,0.56,0,0,0,0,0.0015
716,0.556,0,0,0,0,0.0014
717,0.552,0,0,0,0,0.0013
718,0.548,0,0,0,0,0.0012
719,0.544,0,0,0,0,0.0011
720,0.54,0,0,0,0,0.001
721,0.536,0,0,0,0,0.001
722,0.532,0,0,0,0,0.0009
723,0.528,0,0,0,0,0.0008
724,0.524,0,0,0,0,0.0008
725,0.52,0,0,0,0,0.0007
726,0.516,0,0,0,0,0.0007
727,0.512,0,0,0,0,0.0006
728,0.508,0,0,0,0,0.0006
729,0.504,0,0,0,0,0.0006
730,0.5,0,0,0,0,0.0005
731,0.496,0,0,0,0,0.0005
732,0.492,0,0,0,0,0.0004
733,0.488,0,0,0,0,0.0004
734,0.484,0,0,0,0,0.0004
735,0.48,0,0,0,0,0.0004
736,0.48304,0,0,0,0,0.0003
737,0.48432,0,0,0,0,0.0003
738,0.48208,0,0,0,0,0.0003
739,0.47456,0,0,0,0,0.0003
740,0.46,0,0,0,0,0.0002
741,0.3712,0,0,0,0,0.0002
742,0.2772,0,0,0,0,0.0002
743,0.1816,0,0,0,0,0.0002
744,0.088,0,0,0,0,0.0002
745,6.94E-18,0,0,0,0,0.0002
746,0,0,0,0,0,0.0002
747,0,0,0,0,0,0.0001
748,0,0,0,0,0,0.0001
749,0,0,0,0,0,0.0001
750,0,0,0,0,0,0.0001
751,0,0,0,0,0,0.0001
752,0,0,0,0,0,0.0001
753,0,0,0,0,0,0.0001
754,0,0,0,0,0,0.0001
755,0,0,0,0,0,0.0001
756,0,0,0,0,0,0.0001
757,0,0,0,0,0,0.0001
758,0,0,0,0,0,0.0001
759,0,0,0,0,0,0.0001
760,0,0,0,0,0,0.0001
761,0,0,0,0,0,0.0001
762,0,0,0,0,0,0.0001
763,0,0,0,0,0,0
764,0,0,0,0,0,0
765,0,0,0,0,0,0
766,0,0,0,0,0,0
767,0,0,0,0,0,0
768,0,0,0,0,0,0
769,0,0,0,0,0,0
770,0,0,0,0,0,0
771,0,0,0,0,0,0
772,0,0,0,0,0,0
773,0,0,0,0,0,0
774,0,0,0,0,0,0
775,0,0,0,0,0,0
776,0,0,0,0,0,0
777,0,0,0,0,0,0
778,0,0,0,0,0,0
779,0,0,0,0,0,0
780,0,0,0,0,0,0
781,0,0,0,0,0,0
782,0,0,0,0,0,0
783,0,0,0,0,0,0
784,0,0,0,0,0,0
785,0,0,0,0,0,0
786,0,0,0,0,0,0
787,0,0,0,0,0,0
788,0,0,0,0,0,0
789,0,0,0,0,0,0
790,0,0,0,0,0,0
791,0,0,0,0,0,0
792,0,0,0,0,0,0
793,0,0,0,0,0,0
794,0,0,0,0,0,0
795,0,0,0,0,0,0
796,0,0,0,0,0,0
797,0,0,0,0,0,0
798,0,0,0,0,0,0
799,0,0,0,0,0,0
800,0,0,0,0,0,0